source,target
1,2
2,3
2,5
2,12
3,4
3,6
3,7
5,6
5,9
5,13
6,8
6,9
9,10
10,11
10,14
10,16
11,15
11,17
11,29
12,13
12,65
13,16
13,67
14,18
15,19
16,17
16,24
17,23
18,33
18,36
19,29
19,32
20,21
20,28
20,30
21,22
21,25
23,24
23,25
24,27
24,64
25,26
26,27
26,53
27,58
27,64
28,29
28,30
29,31
30,35
31,32
31,34
31,37
32,33
32,44
33,36
33,45
34,35
34,38
36,40
37,38
37,43
38,39
40,41
40,61
41,42
41,62
43,50
43,51
44,46
44,47
45,48
45,49
46,47
46,56
47,48
47,55
48,49
48,54
49,62
50,51
50,53
51,52
52,56
52,57
53,58
54,55
54,63
55,57
57,59
58,60
59,60
59,77
60,78
61,62
61,68
62,63
63,69
63,77
64,79
65,66
65,67
65,86
67,79
67,87
68,72
69,70
69,71
71,75
71,76
72,74
73,74
74,75
74,80
75,82
77,78
77,104
78,115
79,94
79,96
80,81
80,82
82,103
83,84
83,85
83,110
86,87
86,88
87,89
87,91
88,90
88,92
89,90
89,91
90,92
91,95
92,93
96,97
96,108
96,115
98,99
99,100
99,101
99,123
101,102
101,125
101,138
103,117
103,126
104,105
104,106
105,107
105,148
106,141
107,142
108,109
108,145
110,111
110,113
111,112
111,114
112,130
113,133
114,116
114,119
115,145
117,118
117,129
117,162
119,121
119,122
120,121
120,134
121,128
122,128
123,124
123,125
123,126
125,127
126,127
126,136
127,135
128,134
130,131
131,166
132,133
132,165
134,144
135,197
136,196
137,138
137,139
138,139
139,202
140,141
140,4968
142,143
143,4969
144,150
144,157
145,146
145,148
146,147
146,149
146,179
148,149
148,162
149,163
149,180
151,152
151,156
152,4968
153,154
153,4969
154,155
155,160
156,159
157,164
157,171
158,159
158,170
160,161
161,167
162,163
162,203
163,180
163,204
165,4971
166,4970
167,168
168,182
169,170
169,185
171,177
171,225
172,173
173,174
173,175
174,178
174,195
175,176
175,178
175,217
177,228
177,265
178,222
178,262
179,180
179,181
179,209
180,221
182,183
183,186
184,185
184,189
186,187
187,198
187,200
188,189
188,199
188,205
190,191
190,192
190,194
192,193
193,194
193,197
194,243
196,197
196,244
197,243
198,239
199,238
200,206
200,208
201,202
202,229
202,333
203,204
203,206
204,207
204,315
205,213
205,223
206,208
207,211
207,219
208,210
208,212
209,217
209,220
210,211
210,212
210,215
211,215
211,219
212,213
212,214
213,214
213,223
214,215
214,216
215,216
216,218
216,227
217,220
218,227
218,257
219,240
220,221
220,222
221,224
222,224
222,316
223,263
224,315
225,226
225,228
225,230
227,237
228,231
230,256
231,259
232,233
233,234
233,235
233,250
235,236
235,252
235,267
237,238
237,248
239,240
240,249
241,242
241,250
241,251
243,244
243,285
244,284
245,246
246,247
246,253
247,254
247,268
248,273
249,274
250,251
251,252
251,255
252,260
252,276
255,256
255,258
255,260
257,261
257,337
258,259
258,299
260,300
261,264
261,339
263,284
265,266
265,281
265,299
266,282
266,301
268,269
268,271
269,270
269,437
270,271
271,286
272,273
272,312
274,275
275,313
276,303
276,317
277,278
278,287
278,288
279,280
279,283
279,290
283,289
284,285
284,678
285,373
285,679
286,384
286,386
287,291
288,293
289,296
290,298
291,292
292,325
293,294
294,323
295,296
295,320
297,298
297,319
299,300
299,301
300,302
300,304
301,302
301,575
302,305
302,574
303,310
304,305
304,306
305,307
305,410
306,307
306,326
307,327
307,409
308,309
309,317
309,321
310,317
310,326
311,312
311,331
313,314
314,328
315,316
315,343
316,344
318,319
318,320
318,336
321,322
321,332
321,333
323,324
324,325
324,420
326,327
326,395
327,394
328,329
329,406
330,331
330,404
332,341
332,342
332,358
333,335
333,374
334,335
335,373
336,379
336,1200
337,338
337,339
338,340
338,351
339,340
339,665
340,354
340,664
341,353
341,374
342,353
342,358
342,450
343,345
343,348
344,345
344,346
345,347
345,348
346,347
346,496
347,349
347,350
348,359
349,350
349,361
350,495
351,352
351,355
352,356
352,364
353,411
353,450
354,355
354,366
355,356
355,366
356,357
356,370
357,368
357,370
358,484
359,360
359,362
360,363
360,365
361,362
361,371
362,363
362,371
363,367
363,372
364,365
364,368
365,369
366,478
367,369
367,372
368,369
368,388
369,387
370,402
371,375
372,376
373,415
373,447
374,415
375,376
375,377
376,378
376,380
377,378
377,405
378,381
378,408
379,423
379,1199
380,381
380,387
381,389
381,417
382,383
383,385
383,397
384,385
384,391
385,391
386,392
386,396
387,388
387,389
388,390
388,402
389,390
389,426
390,412
390,427
391,397
392,393
392,396
393,399
393,401
394,398
394,416
395,400
395,419
396,475
397,465
398,441
399,401
399,453
400,443
401,500
402,412
403,404
403,602
405,408
405,433
406,407
407,603
408,417
408,434
409,413
410,414
412,429
413,416
413,418
414,421
414,424
415,447
416,418
417,426
417,435
418,421
418,422
419,422
419,430
420,473
421,424
421,425
422,425
422,430
423,470
424,440
425,428
425,431
426,427
426,438
427,432
427,439
428,431
428,444
429,432
429,436
430,471
431,467
432,436
433,434
433,454
434,435
434,455
435,438
435,452
436,445
437,494
437,596
438,439
438,459
439,442
439,460
440,441
440,449
442,446
442,468
443,444
444,451
445,446
445,448
446,448
447,520
447,671
448,477
449,628
450,487
450,526
451,624
452,455
452,456
452,459
453,463
453,486
454,455
454,457
455,458
456,458
456,461
457,458
457,481
458,482
459,460
459,461
460,462
460,468
461,462
461,497
462,472
462,501
463,466
463,502
464,465
465,466
465,496
466,507
466,508
467,483
468,472
468,477
469,470
469,513
469,523
471,485
472,479
473,474
474,483
474,542
475,476
475,511
477,478
477,479
478,480
479,480
479,514
480,528
481,490
481,491
482,488
482,489
483,504
484,539
484,589
485,506
485,542
486,502
486,547
488,489
488,497
489,490
489,492
490,491
490,493
491,495
492,493
492,531
493,498
494,599
494,620
495,496
495,498
496,499
497,501
498,499
498,550
499,503
499,549
500,509
500,510
501,518
502,508
503,505
503,517
504,524
505,507
505,516
506,513
507,515
508,512
508,553
509,510
509,511
510,529
511,556
512,515
512,519
514,518
514,525
515,516
515,534
516,517
517,543
518,525
519,522
519,535
520,521
520,726
521,526
521,808
523,524
523,576
525,528
525,531
526,527
526,820
527,572
527,618
528,533
528,629
529,530
529,532
529,541
531,533
531,593
532,554
532,557
532,570
533,537
533,538
534,535
534,536
534,543
535,553
536,546
536,555
536,571
537,538
537,622
538,594
539,562
539,579
540,541
541,545
542,573
543,551
544,545
545,547
546,548
546,552
547,567
548,552
548,558
549,551
549,559
550,559
550,560
551,559
552,571
552,582
553,558
553,567
554,568
554,578
555,559
555,561
556,557
556,596
557,570
557,598
558,568
558,583
559,560
559,561
560,585
561,563
561,564
562,565
562,579
563,564
563,587
564,581
565,566
565,569
567,568
568,584
569,577
570,578
570,609
571,580
571,582
572,589
572,590
573,647
574,744
575,747
576,650
578,584
578,636
579,608
580,581
580,592
581,591
581,616
582,583
583,584
583,592
584,621
585,586
585,587
586,588
586,593
587,588
587,616
588,595
588,617
589,605
590,605
590,615
592,611
593,594
593,595
594,597
594,635
595,597
595,651
596,598
596,599
597,637
597,652
598,600
598,609
599,600
599,754
600,610
600,654
601,602
601,661
603,604
604,658
605,608
606,607
606,671
608,648
609,610
609,636
610,619
610,638
611,614
611,621
611,630
612,613
612,615
612,674
613,618
613,674
614,623
614,631
614,675
615,712
616,617
616,655
616,713
617,651
618,700
620,626
620,632
621,623
621,633
622,635
622,639
623,634
623,682
624,625
625,688
626,632
626,698
627,628
627,686
629,640
629,641
630,672
631,673
633,634
633,636
634,638
634,684
635,639
636,638
637,642
637,653
638,694
639,640
639,642
640,641
640,643
641,645
642,643
642,653
643,644
643,657
644,646
644,657
645,677
646,689
647,648
648,649
648,941
649,650
649,687
649,943
651,652
651,655
652,656
653,760
654,680
654,756
655,662
656,663
656,761
657,762
658,659
659,683
660,661
660,676
662,663
663,764
664,665
664,666
665,669
666,667
667,668
667,677
668,670
668,705
669,670
669,696
670,714
671,716
671,726
672,673
672,707
673,675
673,706
674,690
674,703
675,681
675,702
676,708
676,733
677,691
678,679
678,725
679,719
679,721
680,695
680,766
681,682
681,763
682,684
682,765
683,708
683,720
684,694
685,686
685,687
685,806
687,688
687,807
689,692
689,693
691,697
692,704
693,714
694,695
695,777
696,697
696,717
698,699
698,722
700,711
700,821
701,702
701,706
701,710
702,709
702,763
703,711
703,712
704,705
705,718
706,707
707,713
708,727
708,732
709,710
709,768
709,880
710,715
710,879
711,712
713,715
713,784
715,787
715,879
716,809
716,811
717,718
717,720
717,731
718,736
718,749
719,752
719,753
720,727
721,724
721,780
723,724
723,776
724,725
724,738
725,730
725,733
726,816
727,731
727,732
728,729
728,751
729,741
730,734
730,735
731,734
731,736
732,734
732,737
733,737
734,742
735,740
735,742
736,741
736,742
738,739
738,740
738,743
739,779
740,750
740,882
741,748
742,748
743,794
743,881
744,745
745,899
746,747
746,911
748,750
749,800
751,804
752,782
752,783
753,780
753,781
754,755
754,756
754,757
756,759
756,766
757,758
757,759
757,767
759,769
759,770
760,761
760,762
761,764
762,771
763,765
763,768
764,773
765,772
765,777
766,769
766,777
767,867
768,772
768,892
769,778
770,868
771,774
771,801
772,778
772,893
773,775
773,784
774,775
774,802
775,788
776,780
776,785
777,778
778,896
779,789
779,792
780,781
781,782
781,785
782,783
782,786
783,798
783,809
784,787
784,788
785,786
785,789
786,790
786,798
787,791
787,883
788,791
789,790
789,792
790,793
790,799
791,885
792,793
792,794
793,795
793,796
794,795
794,797
795,796
796,797
797,799
797,814
798,810
799,812
800,801
801,802
801,803
802,805
802,934
803,804
803,805
803,995
805,960
805,997
806,905
807,907
808,819
808,838
809,810
809,811
810,812
810,813
811,813
811,825
812,814
812,815
813,815
813,839
814,817
814,921
815,817
815,845
816,818
816,835
817,826
817,924
818,825
818,831
819,830
819,866
820,821
820,822
821,823
822,827
822,991
823,824
824,828
824,941
825,829
826,833
826,875
827,828
827,1002
828,962
829,832
829,836
830,840
830,848
831,832
831,834
832,834
833,842
833,850
834,835
834,836
835,837
835,838
836,837
836,839
837,841
837,843
838,840
838,841
839,843
839,845
840,844
840,848
841,844
841,846
842,853
842,864
843,846
843,847
844,849
844,858
845,847
845,850
846,849
846,852
847,851
847,852
848,858
849,854
849,874
850,851
850,853
851,855
851,857
852,854
852,857
853,855
853,864
854,859
854,876
855,856
855,886
856,860
856,861
857,859
857,860
858,866
859,862
859,865
860,861
860,862
861,863
861,889
862,863
862,865
863,873
864,875
865,871
866,872
867,868
867,869
868,870
868,896
869,870
869,953
870,897
870,952
871,877
871,878
872,949
873,878
874,951
875,886
876,954
877,946
878,889
879,880
879,883
880,884
880,887
881,890
882,891
883,884
883,885
884,887
884,888
885,888
885,898
886,969
887,892
888,894
888,903
889,970
890,891
890,921
891,925
891,995
892,893
892,894
893,895
893,896
894,895
894,963
895,897
895,965
896,897
897,975
898,915
898,928
899,900
900,901
900,904
901,902
901,908
903,912
903,927
904,905
904,906
904,908
906,907
906,909
908,909
908,910
909,913
910,911
910,913
910,1186
912,917
912,918
913,1186
914,914
914,915
914,920
915,916
915,920
918,919
918,922
920,923
921,924
921,925
922,937
923,929
923,938
924,926
924,969
925,926
925,1029
926,971
926,1031
930,931
930,932
930,935
930,936
931,936
931,939
932,933
932,963
933,945
934,944
934,958
935,942
935,966
936,937
936,942
937,938
937,942
938,939
938,980
939,940
940,959
940,973
941,943
941,962
942,985
943,964
943,976
944,945
944,958
946,947
947,1059
948,949
948,1022
950,951
950,1023
952,953
952,957
952,975
953,956
953,974
954,955
955,1027
956,957
956,977
956,998
957,978
957,999
958,959
958,960
959,961
959,973
960,961
960,986
961,968
962,964
962,1016
963,965
963,966
964,976
964,1019
965,967
965,994
966,1010
968,984
969,970
969,971
970,972
970,1181
971,972
971,1049
972,1050
972,1188
973,980
975,978
975,994
976,979
978,996
978,1039
979,981
979,982
980,984
980,985
981,982
981,983
982,987
982,1042
983,987
983,1017
984,986
984,988
985,988
985,992
986,989
986,1034
987,1018
987,1046
988,989
988,990
989,990
989,1034
990,993
991,1003
992,4974
993,4973
994,996
995,997
995,1029
996,1011
996,1067
997,1035
998,999
998,1000
999,1001
999,1039
1000,1001
1000,1126
1001,1040
1001,1128
1002,1043
1003,1045
1004,1005
1004,1006
1004,1007
1006,1008
1006,1009
1007,1009
1007,1012
1009,1020
1010,1011
1010,1074
1011,1073
1012,1013
1012,1014
1012,1030
1014,1015
1014,1032
1016,1036
1016,1060
1019,1052
1019,1063
1020,1030
1020,1033
1021,1022
1021,1023
1021,1026
1021,1036
1024,1025
1024,1028
1026,1027
1026,1037
1026,1057
1028,1033
1029,1031
1029,1079
1030,1032
1030,1053
1031,1049
1031,1080
1032,1054
1033,1041
1034,1221
1035,1055
1035,1056
1036,1038
1037,1051
1037,1057
1038,4972
1039,1040
1039,1066
1040,1067
1040,1114
1041,1047
1041,1053
1042,1043
1042,1044
1042,1046
1044,1045
1044,1048
1044,1062
1046,1048
1046,1082
1048,1065
1048,1085
1049,1050
1049,1098
1050,1101
1051,4972
1052,4972
1053,1054
1053,1132
1054,1133
1055,1056
1055,1099
1056,1079
1056,1093
1057,1058
1057,1060
1058,1059
1058,1061
1058,1072
1060,1061
1060,1063
1061,1064
1061,1072
1062,1065
1062,1068
1063,1064
1063,1068
1064,1070
1064,1075
1065,1069
1065,1077
1067,1073
1067,4975
1068,1069
1068,1070
1069,1071
1069,1077
1070,1071
1070,1120
1071,1078
1071,1121
1072,1109
1073,1074
1074,1081
1075,1076
1075,1112
1076,4972
1077,1078
1077,1106
1078,1108
1079,1080
1079,1090
1080,1089
1080,1091
1081,1589
1081,1664
1082,1083
1082,1084
1083,1084
1083,1095
1084,1085
1084,1086
1085,1088
1085,1106
1086,1087
1086,1088
1086,1092
1087,1092
1087,1100
1088,1111
1088,1154
1089,1098
1089,1118
1090,1091
1090,1122
1091,1118
1091,1123
1092,1153
1093,1104
1093,1115
1094,1095
1094,1096
1094,1097
1095,1100
1096,1105
1097,1103
1097,1105
1098,1101
1098,1129
1099,1102
1099,1104
1100,1119
1101,1131
1102,1107
1102,1127
1104,1107
1104,1115
1106,1108
1106,1111
1107,1116
1107,1117
1108,1113
1109,1110
1109,1112
1109,1177
1111,1113
1111,1180
1112,1120
1112,1179
1113,1361
1115,1122
1116,1117
1116,1124
1117,1130
1118,1129
1118,1137
1120,1121
1120,1233
1121,1223
1121,1344
1122,1123
1122,1124
1123,1125
1123,1137
1124,1125
1124,1151
1125,1152
1125,1164
1126,1132
1126,1134
1127,1130
1127,1145
1128,1135
1128,1139
1129,1131
1129,1161
1130,1147
1130,1151
1131,1163
1132,1134
1133,1136
1133,1141
1134,1135
1134,1136
1135,1138
1135,1139
1136,1138
1136,1141
1137,1161
1138,1140
1138,1142
1139,1143
1140,1142
1140,1144
1141,1194
1142,1193
1145,1146
1145,1147
1145,1148
1147,1150
1147,1166
1148,1149
1148,1150
1148,1159
1150,1155
1150,1169
1151,1152
1151,1156
1152,1158
1152,1178
1155,1162
1155,1187
1156,1157
1156,1158
1156,1165
1158,1168
1158,1178
1159,1160
1159,1162
1159,1173
1161,1163
1161,1164
1162,1175
1162,1216
1163,1167
1163,1184
1164,1167
1164,1189
1165,1166
1165,1168
1166,1169
1167,1184
1167,1190
1168,1170
1169,1171
1170,1174
1170,1182
1171,1172
1172,1174
1172,1187
1173,1175
1173,1176
1173,1286
1174,1183
1175,1285
1177,1218
1178,1182
1179,1250
1180,1357
1181,1209
1181,1211
1182,1183
1182,1189
1183,1191
1183,1207
1184,1185
1184,1202
1184,1210
1186,1199
1186,1238
1186,1247
1187,1197
1187,1198
1188,1213
1188,1215
1189,1190
1189,1191
1190,1192
1190,1202
1191,1192
1191,1226
1192,1204
1192,1227
1193,1194
1193,1195
1194,1196
1194,1201
1195,1196
1195,1214
1196,1203
1196,1214
1198,1216
1199,1200
1199,2008
1200,1301
1200,2011
1201,1203
1201,1208
1201,1229
1202,1204
1202,1244
1203,1230
1204,1248
1204,1276
1205,1206
1206,1210
1206,1284
1207,1226
1207,1240
1209,1252
1210,1244
1211,1212
1211,1217
1212,1256
1213,1258
1215,1222
1215,1237
1215,1251
1216,1240
1216,1241
1217,1222
1217,1253
1218,1219
1219,1259
1219,1290
1220,1221
1221,1271
1221,1283
1222,1224
1222,1225
1223,1228
1223,1274
1224,1225
1224,1262
1225,1236
1226,1227
1226,1235
1227,1276
1227,1313
1228,1234
1228,1274
1230,1231
1230,1232
1233,1242
1234,1264
1235,1267
1235,1291
1236,1243
1236,1254
1237,1255
1237,1269
1238,1239
1238,1247
1239,1246
1240,1277
1241,1277
1241,1300
1242,1243
1243,1254
1244,1245
1245,1248
1245,1374
1246,1261
1246,1357
1247,1260
1248,1321
1249,1250
1249,1270
1249,1288
1251,1252
1251,1351
1253,1272
1254,1255
1254,1263
1255,1266
1255,1269
1256,1257
1257,1258
1257,1353
1259,1272
1259,1289
1260,1265
1260,2008
1261,1265
1261,1362
1262,1270
1263,1264
1263,1266
1265,2009
1266,1282
1267,1268
1267,1287
1267,1292
1269,1281
1270,1275
1272,1295
1273,1274
1273,1309
1275,1297
1275,1363
1276,1280
1276,1302
1277,1287
1277,1325
1278,1279
1278,1285
1278,1307
1280,1316
1281,1329
1282,1320
1283,1310
1283,1327
1285,1286
1285,1315
1286,1310
1286,1319
1287,1292
1287,1322
1288,1293
1288,1294
1289,1296
1290,1305
1291,1292
1291,1312
1292,1314
1293,1304
1294,1318
1295,1339
1296,1297
1297,1311
1298,1299
1298,1334
1298,1383
1300,1307
1300,1331
1301,1324
1303,1304
1303,1389
1305,1306
1306,1363
1307,1315
1307,1341
1308,1309
1310,1366
1310,1372
1311,4978
1312,1313
1312,1314
1312,1371
1313,1316
1313,1370
1314,1322
1314,1373
1315,1319
1315,1347
1316,1321
1316,1429
1317,1318
1317,1394
1319,1348
1320,1326
1320,1340
1321,1390
1322,1325
1323,1324
1325,1331
1326,1359
1326,1377
1327,1328
1327,1334
1327,1372
1329,1330
1329,1374
1331,1341
1331,1382
1332,1333
1332,1342
1332,1343
1334,1375
1335,1336
1336,1337
1336,1343
1338,1339
1338,1354
1338,1393
1340,1342
1340,1359
1341,1347
1342,1356
1344,1345
1344,1350
1344,1411
1345,1346
1345,1355
1346,1355
1346,1431
1347,1348
1347,1365
1348,1349
1348,1366
1349,1365
1350,1351
1350,1352
1350,1468
1352,1353
1352,1469
1354,1379
1355,1473
1356,1368
1356,1369
1357,1358
1357,1361
1359,1360
1359,1381
1361,1362
1361,1431
1362,1364
1362,1432
1363,1391
1365,1407
1366,1412
1367,1368
1368,1376
1370,1371
1370,1398
1371,1373
1371,1397
1372,1375
1373,1382
1373,1404
1374,1377
1374,1387
1375,1383
1377,1386
1378,1379
1378,1380
1378,1389
1380,4980
1382,1418
1383,1384
1383,1507
1384,1385
1384,1403
1384,1506
1386,1395
1386,1406
1387,1388
1387,1419
1389,1422
1391,1392
1391,1421
1392,4978
1393,1394
1393,1425
1394,4978
1395,1396
1395,1399
1397,1398
1397,1404
1397,1434
1398,1433
1399,1400
1399,1401
1401,1402
1401,1405
1404,1408
1404,1418
1405,1409
1405,1410
1406,1415
1406,1430
1407,1413
1407,1441
1409,1410
1409,1421
1410,1415
1412,1414
1413,1435
1413,1440
1414,1444
1415,1423
1416,1417
1417,1459
1418,1435
1418,1447
1419,1420
1419,1429
1421,1422
1421,1483
1422,1424
1422,1489
1423,1428
1425,1602
1426,1427
1426,4980
1427,1620
1429,1430
1429,1436
1430,1438
1431,1432
1431,1473
1432,1474
1433,1436
1434,1437
1435,1442
1435,1448
1436,1437
1436,1438
1437,1439
1437,1447
1438,1439
1438,1484
1439,1450
1439,1480
1440,1446
1440,1454
1441,1445
1441,1457
1443,1444
1443,1449
1443,1461
1445,4981
1446,4982
1447,1450
1447,1451
1448,1451
1448,1452
1450,1451
1450,1455
1450,1466
1451,1452
1452,1453
1453,1454
1453,1455
1454,1457
1455,1456
1456,1458
1456,1464
1457,1461
1458,1462
1458,1465
1459,1460
1460,1461
1460,1463
1461,1462
1462,1463
1462,1470
1463,1471
1466,1467
1466,1470
1466,1480
1470,1472
1471,1472
1471,1521
1472,1508
1472,1520
1473,1474
1473,1625
1474,1626
1475,1476
1476,1477
1476,1478
1476,1481
1478,1479
1478,1482
1478,1531
1480,1485
1483,1486
1483,1487
1484,1485
1484,1487
1485,1488
1485,1512
1486,1513
1487,1488
1487,1535
1488,1517
1488,1536
1489,1491
1490,1491
1490,1518
1490,1534
1492,1493
1493,4987
1494,1495
1494,4988
1495,1508
1496,1497
1496,1575
1496,1607
1497,1524
1497,1611
1498,1499
1498,1501
1498,1617
1499,1505
1499,1618
1500,1501
1500,1543
1500,1550
1501,1544
1502,1503
1503,1504
1503,1521
1503,1526
1504,1539
1505,1516
1505,1650
1506,1574
1507,1522
1508,1512
1508,1540
1509,1510
1509,1511
1509,1516
1512,1523
1513,1514
1514,1515
1515,1517
1515,1518
1516,1535
1517,1519
1517,1523
1518,1519
1518,1533
1519,1525
1519,1532
1520,1568
1521,1565
1522,1529
1522,1548
1523,1525
1523,1540
1524,1553
1524,1569
1525,1532
1525,1541
1526,1539
1527,1528
1528,1529
1528,1549
1528,1555
1529,1580
1530,1531
1531,1767
1531,1898
1532,1533
1532,1537
1533,1534
1533,1538
1534,1536
1534,1538
1535,1536
1535,1648
1536,1647
1537,1542
1537,1554
1538,1556
1539,1545
1540,1541
1540,1559
1541,1542
1541,1546
1542,1546
1542,1577
1543,1544
1543,1551
1543,1576
1544,1606
1545,1547
1546,1562
1547,1548
1548,1549
1548,1566
1549,1570
1549,1609
1551,1552
1551,1560
1551,1583
1553,1563
1553,1569
1554,1577
1555,1572
1555,1579
1555,1584
1556,1587
1557,1558
1557,1591
1559,1562
1559,1564
1559,1655
1560,1561
1560,1594
1560,1598
1562,1633
1562,1659
1563,1588
1563,1622
1564,1591
1564,1637
1565,1566
1566,1567
1566,1570
1567,1568
1567,1571
1567,1691
1569,1573
1570,1571
1570,1677
1571,1678
1571,1721
1572,1585
1572,1586
1573,1581
1573,1614
1574,1595
1574,4993
1575,1578
1575,1698
1576,1583
1576,1604
1577,1587
1577,1634
1578,1624
1578,1702
1579,1590
1579,1597
1580,4995
1581,1582
1581,1588
1581,1616
1583,1594
1583,1610
1584,1590
1584,1592
1587,1635
1588,1593
1588,1627
1589,1668
1589,1673
1590,1600
1590,1603
1592,1600
1594,1629
1596,1597
1597,1603
1597,1615
1598,1599
1598,1663
1600,1612
1600,1613
1601,1602
1601,1644
1601,1649
1603,1612
1604,1605
1604,1610
1604,1630
1605,1606
1605,1631
1606,1617
1606,1689
1607,1608
1607,1611
1607,1701
1609,1615
1609,1670
1610,1629
1611,1667
1611,1679
1612,1632
1614,1616
1614,1729
1616,1627
1617,1618
1617,1674
1618,1619
1618,1675
1620,1621
1621,1652
1621,1654
1622,1623
1622,1666
1624,1628
1624,1748
1625,1626
1625,1690
1626,1733
1626,1792
1627,1687
1628,1753
1628,1910
1629,1643
1629,1663
1630,1631
1630,1643
1631,1688
1633,1634
1633,1636
1633,1637
1634,1635
1634,1638
1635,1639
1635,1647
1636,1638
1636,1640
1636,1641
1637,1641
1637,1691
1638,1639
1638,1642
1639,1645
1639,1651
1640,1642
1640,1646
1641,1646
1641,1669
1642,1645
1642,1813
1643,1740
1644,1718
1645,1656
1645,1811
1646,1669
1647,1648
1647,1657
1648,1650
1648,1658
1649,1681
1650,1658
1651,1653
1651,1656
1652,1682
1653,1657
1653,1660
1654,1693
1655,5006
1656,1660
1657,1658
1657,1662
1658,1661
1659,5007
1660,1662
1661,1662
1661,1686
1662,1871
1663,1690
1664,1665
1664,1670
1666,1667
1666,1687
1666,1723
1667,1768
1668,1671
1668,1672
1669,1692
1670,1671
1670,1677
1671,1684
1674,1675
1674,1714
1675,1676
1675,1717
1677,1678
1677,1684
1678,1685
1678,1695
1679,1704
1679,1708
1680,1681
1680,1710
1682,1683
1683,1711
1684,1685
1685,1703
1686,1872
1687,1741
1687,1772
1688,1689
1688,1740
1689,1763
1690,1696
1691,1692
1691,1721
1692,1745
1693,1694
1694,1699
1694,1707
1695,1909
1696,1700
1696,1725
1697,1698
1698,1702
1698,1715
1699,1727
1700,1735
1701,1793
1702,1716
1702,1748
1703,2151
1704,1715
1704,1739
1705,1706
1705,1736
1706,1713
1706,1718
1707,1775
1708,1798
1709,1710
1709,1776
1711,1712
1712,1783
1713,1785
1714,1717
1714,1760
1715,1716
1715,1739
1716,1724
1716,1728
1717,1722
1717,1787
1719,1720
1719,1722
1721,1746
1723,1749
1723,1761
1724,1728
1724,1754
1725,1726
1725,1765
1726,1744
1727,1742
1727,1744
1728,1782
1729,1889
1730,1731
1731,1738
1731,1743
1732,1733
1732,1734
1732,1946
1733,1734
1734,1877
1735,1736
1736,1737
1738,1743
1738,1757
1739,1779
1740,1765
1741,1761
1741,1772
1743,1919
1745,1747
1746,5015
1747,5013
1748,1753
1748,1758
1749,1750
1749,1768
1749,1823
1751,1752
1751,1760
1751,1780
1753,1759
1753,1791
1754,1758
1754,1766
1755,1756
1755,1773
1755,1795
1756,1767
1756,1795
1758,1759
1758,1766
1759,1762
1759,1764
1760,1781
1761,1777
1762,1764
1762,1771
1763,1769
1763,1790
1764,1824
1765,1800
1766,1822
1767,1873
1768,1789
1769,1770
1769,1780
1769,1796
1771,1778
1771,1829
1772,1777
1773,1819
1773,1820
1774,1775
1774,1776
1774,1967
1777,1845
1778,1799
1778,1827
1779,1782
1779,1809
1780,1788
1781,1787
1781,1807
1782,1786
1782,1810
1783,1784
1784,1785
1784,1962
1786,1808
1786,1815
1787,1852
1788,1807
1788,1818
1789,1817
1789,1828
1790,1796
1790,1800
1792,1816
1793,1794
1795,1819
1795,1879
1796,1818
1797,1798
1800,1840
1801,1802
1801,5011
1802,5002
1803,1804
1804,1805
1804,1812
1805,1806
1805,1814
1805,1951
1807,1831
1807,1852
1808,1834
1808,1850
1811,5020
1811,5027
1813,5012
1813,5021
1813,5028
1815,1821
1815,1834
1816,2062
1817,1830
1817,1853
1818,1831
1818,1840
1819,1876
1819,1899
1820,1951
1821,1822
1821,1825
1822,1824
1822,1825
1824,1826
1824,1833
1825,1826
1825,1886
1826,1846
1826,1890
1827,1841
1827,1858
1828,1832
1828,1849
1829,1833
1829,1836
1830,1905
1830,1937
1831,1888
1831,1893
1833,1836
1834,1835
1835,1850
1836,1841
1836,1846
1837,1838
1837,1839
1837,2179
1838,1859
1838,1883
1839,1855
1839,1883
1839,1924
1840,1888
1841,1851
1841,1858
1842,1843
1843,1848
1843,1863
1844,1845
1844,1854
1844,1857
1845,1856
1846,1851
1847,1848
1848,1868
1849,1864
1849,1867
1851,1912
1852,1891
1853,1892
1853,1911
1854,1861
1854,1867
1855,1865
1855,2000
1856,5011
1857,1880
1857,1921
1858,1910
1859,1860
1859,1866
1860,1866
1860,5014
1861,1862
1862,1936
1863,1868
1863,1874
1865,1897
1865,1925
1866,1878
1867,1907
1868,1901
1869,1870
1869,1905
1871,1872
1871,1881
1871,1909
1872,1882
1872,2001
1873,1879
1873,1898
1873,1933
1874,1875
1874,1901
1877,1913
1877,2218
1878,1883
1878,1894
1879,1899
1879,1917
1880,1885
1880,1987
1881,1882
1881,1884
1881,1969
1882,1896
1882,1970
1883,1889
1883,1924
1884,1915
1884,1971
1885,1887
1885,1902
1886,1890
1887,1902
1887,1918
1888,2061
1889,1900
1889,1928
1890,1930
1892,5016
1894,1895
1894,1903
1895,1903
1895,5018
1896,1940
1896,1972
1897,2072
1898,1933
1898,1998
1899,1968
1900,1914
1900,1942
1901,1916
1902,2016
1903,1904
1905,1906
1906,1908
1906,1929
1907,2149
1908,5010
1909,1989
1910,1912
1911,2157
1912,1930
1914,1926
1914,1941
1915,5025
1916,1920
1918,1939
1918,1974
1919,1922
1919,1923
1920,1934
1920,1993
1922,1923
1922,1965
1923,1946
1924,1925
1924,1926
1925,1927
1925,1953
1926,1927
1926,1991
1927,1938
1927,1956
1928,1948
1928,1974
1929,2192
1929,5016
1930,1931
1930,2089
1931,1932
1931,2035
1933,1947
1933,1959
1934,1935
1934,1990
1936,1937
1936,5010
1937,2058
1938,1992
1938,1995
1940,1945
1940,2021
1941,1942
1941,1985
1942,1943
1942,1966
1943,1944
1943,1948
1945,2002
1945,2025
1946,1980
1947,1957
1947,1958
1948,1966
1948,1994
1949,1950
1949,1979
1951,2007
1952,1953
1952,5023
1953,1954
1953,1956
1954,1955
1954,1964
1955,5022
1956,1964
1956,2064
1957,1958
1957,1963
1957,2010
1958,1959
1959,1960
1959,1968
1960,1961
1960,2413
1960,2613
1961,1963
1961,1984
1961,2146
1962,2562
1963,1973
1963,1984
1964,1976
1964,2073
1966,1985
1967,2566
1968,2007
1969,1971
1969,2032
1970,1972
1970,1975
1971,1989
1972,1981
1972,2021
1973,1996
1973,2014
1974,1994
1974,2079
1975,1981
1975,2020
1976,1999
1976,2038
1977,1978
1978,2049
1979,1986
1979,5043
1981,2024
1982,1983
1983,1986
1983,2028
1984,1996
1985,1991
1986,1988
1986,2023
1987,2017
1987,2088
1988,5044
1989,2147
1990,2004
1990,2037
1991,1992
1991,2005
1992,1995
1992,2006
1994,1997
1995,2036
1996,2156
1997,2005
1997,2039
1998,2010
1999,2044
1999,2155
2000,2003
2000,2044
2000,5036
2001,2136
2002,2141
2003,2053
2003,2065
2003,5047
2004,2037
2004,2052
2004,2059
2005,2006
2005,2060
2006,2027
2006,2063
2007,2412
2008,2009
2008,2011
2009,2015
2009,2535
2010,2012
2010,2014
2011,2015
2011,2784
2012,2013
2012,2019
2012,2050
2014,2019
2015,2475
2015,2536
2016,2026
2017,2018
2017,2088
2018,2045
2018,2099
2019,2055
2020,2081
2020,2083
2021,2024
2021,2025
2022,2023
2022,5045
2023,2028
2023,2030
2024,2029
2024,2147
2025,2029
2025,2110
2026,2105
2027,2036
2027,2077
2028,2049
2029,2114
2029,2126
2030,2031
2030,2054
2031,5046
2032,2070
2032,2104
2033,2034
2034,2038
2034,2120
2035,2057
2035,2101
2036,2056
2037,2042
2037,2686
2038,2043
2038,2084
2039,2040
2039,2060
2041,2042
2042,2090
2044,2053
2045,2046
2045,2102
2045,2178
2047,2048
2047,2055
2047,2263
2048,2054
2048,2254
2049,2050
2049,2054
2050,2051
2050,2055
2053,2169
2055,2156
2056,2064
2056,2107
2057,5054
2058,2078
2058,2100
2060,2066
2061,2103
2061,2109
2062,2108
2062,2124
2063,2076
2063,2122
2064,2073
2064,2127
2065,2189
2065,2222
2066,2067
2066,2082
2068,2069
2068,5017
2069,2082
2069,2096
2070,2086
2071,2072
2071,2085
2071,2097
2073,2084
2073,2177
2074,2075
2075,2079
2075,2148
2076,2085
2076,2161
2077,2107
2077,2122
2078,2100
2078,2106
2079,2080
2079,2148
2080,2098
2080,2188
2081,5050
2082,2113
2083,2137
2084,2120
2085,2121
2086,2087
2086,5050
2087,2167
2088,2095
2089,2101
2089,2106
2090,2091
2092,2093
2092,2094
2092,2184
2093,5051
2094,5051
2095,2099
2095,2377
2096,2282
2097,2287
2098,2157
2098,2166
2099,2102
2100,2191
2101,2111
2102,2178
2103,2129
2104,2116
2106,2111
2107,2127
2107,2193
2108,2139
2109,2110
2109,2115
2110,2114
2111,2112
2113,2121
2113,2188
2114,2119
2115,2118
2116,2117
2116,5051
2117,2123
2117,2126
2118,2124
2119,2125
2119,2130
2120,2155
2120,2202
2121,2161
2121,2190
2122,2164
2123,2144
2123,2170
2124,2133
2125,2128
2126,2152
2127,2193
2128,2142
2129,2130
2130,2131
2131,2132
2131,2137
2132,2171
2133,2143
2133,2163
2134,2135
2134,2136
2134,2140
2134,2297
2137,5050
2138,2139
2138,2142
2138,2144
2140,2141
2140,2266
2142,2150
2143,2145
2143,2160
2144,2162
2145,2150
2145,2159
2146,2156
2146,2651
2147,2151
2147,2152
2148,2149
2150,2159
2151,2158
2152,2158
2152,2176
2153,2154
2153,2168
2153,2172
2155,2174
2156,2381
2158,2483
2159,2278
2160,2165
2160,2224
2161,2164
2161,2194
2162,2173
2162,2176
2163,2326
2164,2185
2164,2196
2165,2197
2167,2168
2168,2172
2169,2172
2169,2183
2170,2171
2170,2236
2173,5097
2174,2175
2174,2202
2175,2186
2175,2245
2176,2571
2177,2217
2177,2226
2178,2187
2178,2199
2179,2189
2179,2211
2180,2181
2180,5041
2180,5049
2181,2182
2181,2186
2183,2184
2183,2229
2185,2195
2185,2201
2186,2198
2186,2203
2188,2190
2188,2204
2189,2206
2190,2194
2190,2207
2191,5069
2192,5072
2193,2195
2194,2196
2194,2234
2195,2221
2196,2201
2196,2208
2197,2200
2197,2447
2198,2223
2198,2235
2200,2225
2201,2205
2202,2217
2203,2223
2203,2253
2204,2207
2204,2227
2205,2221
2205,2261
2206,2220
2206,2222
2207,2234
2207,2281
2208,2261
2208,2276
2209,2210
2210,2212
2210,2216
2211,2260
2212,2213
2212,2246
2214,2215
2214,2243
2214,2247
2217,2243
2217,5089
2218,2219
2218,2238
2221,2226
2221,2301
2222,2237
2223,2255
2224,2225
2224,2278
2224,2367
2226,2247
2226,2310
2227,2228
2227,2267
2229,2239
2229,2244
2230,2231
2231,2551
2232,2233
2232,2554
2234,2258
2235,2239
2235,2249
2236,2237
2237,2242
2239,2244
2239,2249
2240,2241
2240,2248
2240,2275
2242,2259
2242,2264
2243,2245
2243,2257
2244,2252
2244,2256
2245,2253
2245,2262
2246,2248
2246,2273
2247,2257
2248,2300
2249,2250
2250,2251
2250,2277
2251,2252
2251,2279
2252,2256
2253,2265
2253,2272
2255,2272
2255,2277
2256,2274
2257,2262
2257,2307
2258,2285
2258,2288
2259,2260
2259,2264
2259,2648
2261,2276
2262,2265
2262,2309
2264,2275
2264,2645
2265,2280
2265,2305
2266,2299
2266,2326
2267,2283
2267,2284
2268,2269
2268,5144
2269,2605
2269,3284
2270,2271
2271,2424
2272,2298
2272,2305
2273,2274
2273,2290
2274,2290
2275,2306
2275,2543
2276,2285
2276,2301
2277,2279
2277,2313
2278,2560
2279,2314
2280,2315
2280,2316
2281,2308
2282,2283
2283,2345
2284,2342
2285,2311
2285,2312
2286,2287
2286,2308
2286,2346
2288,2289
2288,2311
2288,2319
2290,2300
2290,2333
2291,2292
2291,2293
2291,2296
2291,2420
2293,2294
2293,2295
2293,2332
2295,2296
2295,2338
2296,2421
2298,2313
2298,2320
2300,2302
2300,2372
2301,2312
2302,2303
2302,2304
2304,2306
2304,2321
2305,2316
2305,2320
2306,2317
2307,2309
2307,2336
2307,2356
2308,2341
2309,2315
2309,2359
2310,2336
2310,2411
2311,2330
2312,2406
2313,2314
2313,2335
2314,2318
2314,2337
2315,2324
2315,2344
2316,2343
2317,2321
2317,2361
2318,2331
2318,2339
2319,2330
2319,2384
2320,2335
2320,2414
2321,2373
2322,2323
2322,2325
2322,2327
2324,2343
2324,2351
2325,2329
2325,2332
2326,2444
2327,2328
2327,2329
2327,2354
2329,2334
2329,2350
2330,2389
2331,2333
2331,2358
2332,2334
2333,2349
2334,2338
2334,2350
2335,2337
2335,2423
2336,2340
2337,2355
2337,2425
2338,2357
2339,2355
2339,2358
2340,2356
2340,2422
2341,2342
2341,2362
2342,2347
2343,2364
2343,2370
2344,2351
2344,2378
2345,2436
2346,2429
2347,2348
2347,2362
2348,5148
2349,2365
2350,2354
2350,2357
2351,2370
2351,2371
2352,2353
2352,5152
2353,2369
2353,2374
2354,2366
2354,2698
2355,2379
2356,2359
2357,2366
2358,2379
2358,2380
2359,2378
2360,2361
2361,2373
2361,2386
2362,2384
2363,2364
2364,2454
2365,2380
2366,2723
2367,2368
2367,2407
2367,2560
2368,5105
2369,2375
2369,2397
2370,2388
2372,2383
2372,2435
2373,2387
2374,2375
2374,2437
2375,2428
2376,2377
2376,5145
2377,2450
2378,2388
2378,2402
2379,2390
2380,2390
2380,2410
2381,2382
2381,2391
2381,2695
2384,2389
2385,2386
2385,5106
2386,2387
2387,2441
2388,2443
2389,2397
2389,2406
2390,2410
2390,2415
2391,2394
2392,2393
2393,2394
2393,2395
2393,3083
2395,2396
2395,2408
2395,3082
2397,2409
2397,2480
2398,2399
2398,5109
2398,5110
2399,5099
2400,2401
2400,2414
2400,2456
2400,5107
2402,2403
2402,2433
2404,2405
2404,5096
2405,2500
2405,5111
2406,2409
2408,5108
2409,2411
2409,2486
2410,2440
2411,2422
2411,2455
2412,2420
2412,2430
2413,2431
2414,2423
2414,2460
2415,2416
2415,2417
2417,2445
2417,2459
2418,2419
2419,2426
2420,2430
2421,2438
2421,2448
2422,2433
2422,2466
2423,2425
2423,2470
2424,2427
2424,2432
2425,2462
2425,2471
2426,2427
2427,2432
2428,2429
2428,2434
2430,2431
2430,2438
2431,2439
2432,2931
2433,2442
2433,2502
2434,2473
2434,2526
2435,2441
2435,2467
2436,2437
2437,2549
2438,2439
2438,2448
2439,2449
2440,2459
2440,2467
2441,2472
2442,2443
2442,2503
2443,2454
2444,2446
2444,2447
2445,2462
2446,2451
2446,2484
2447,2451
2447,2572
2447,2652
2448,2508
2449,2508
2450,2452
2450,2457
2450,2461
2451,2490
2451,2650
2452,2453
2452,2458
2452,2481
2453,5149
2454,2456
2455,2466
2455,2487
2456,2460
2457,2458
2457,2465
2457,2786
2458,2481
2458,2629
2459,2491
2460,2470
2461,5112
2462,2476
2463,2464
2464,2468
2464,2484
2465,5113
2466,2497
2467,2472
2468,2469
2468,2501
2470,2471
2470,2477
2471,2474
2471,2478
2472,2479
2472,2485
2473,2480
2473,2505
2474,2476
2474,2493
2475,2536
2475,2782
2476,2491
2477,2478
2477,2524
2478,2493
2478,2525
2479,2507
2479,2511
2480,2482
2481,2513
2482,2486
2482,2530
2483,2515
2483,2568
2484,2488
2484,2490
2485,2507
2485,2543
2486,2487
2486,2534
2487,2492
2487,2538
2488,2489
2488,2494
2489,2496
2489,2501
2490,2494
2490,2556
2491,2511
2491,2514
2492,2497
2492,2547
2493,2495
2494,2496
2494,2618
2495,2514
2495,2570
2496,2504
2496,2621
2497,2502
2498,2499
2498,2706
2498,5113
2500,2707
2500,5111
2501,2504
2501,2663
2502,2503
2502,2546
2503,2510
2504,2597
2504,2655
2505,2506
2505,2521
2505,2561
2507,2516
2507,2558
2508,2509
2508,2518
2508,3258
2510,2512
2510,2581
2511,2516
2511,2537
2512,2524
2512,2575
2513,2520
2513,2589
2514,2527
2515,2567
2515,2571
2516,2545
2517,2518
2517,2613
2519,2520
2519,5149
2520,2523
2520,2595
2521,2530
2521,2542
2522,2523
2522,5150
2523,2528
2523,2596
2524,2525
2524,2539
2525,2540
2526,2559
2526,2574
2527,2533
2527,2544
2528,2529
2528,2531
2528,2598
2529,5151
2530,2534
2531,2532
2531,2599
2531,2620
2532,5152
2533,2541
2533,2550
2534,2591
2535,2536
2535,2846
2535,3010
2536,3009
2537,2541
2537,2545
2538,2547
2538,2593
2539,2540
2539,2575
2540,2580
2540,2615
2541,2555
2543,2558
2543,2587
2544,2550
2544,2578
2545,2548
2545,2641
2546,2547
2546,2601
2548,2573
2548,2588
2549,2569
2549,2643
2550,2555
2551,2552
2552,2828
2553,2554
2553,2832
2555,2557
2555,2633
2558,2573
2559,2626
2560,2564
2561,2574
2561,2591
2562,2563
2563,2690
2564,2572
2564,2576
2565,2566
2565,2688
2567,2956
2568,2949
2569,2583
2570,2582
2570,2611
2571,2576
2572,2579
2573,2619
2574,2643
2575,2581
2576,2577
2576,2602
2577,2579
2577,2610
2578,2582
2578,2592
2579,2700
2580,2586
2580,2636
2581,2585
2582,2608
2583,2584
2584,2594
2584,2625
2585,2586
2585,2628
2586,2632
2586,2635
2587,2614
2587,2639
2588,2590
2588,2600
2589,2595
2589,2708
2590,2603
2590,2638
2591,2593
2591,2594
2593,2594
2593,2601
2594,2604
2594,2717
2595,2596
2595,2765
2596,2598
2596,2765
2598,2599
2598,2767
2599,2727
2599,2767
2600,2603
2600,2642
2601,2604
2601,2628
2602,2668
2603,2647
2604,2607
2604,2779
2605,2606
2605,2853
2607,2631
2607,2775
2608,2609
2608,2612
2608,2637
2609,2611
2609,2630
2610,2672
2611,2615
2612,2616
2612,2637
2613,2651
2613,3073
2614,2619
2614,2662
2615,2627
2616,2617
2616,2633
2616,2664
2618,2621
2618,2681
2619,2638
2619,2653
2620,2622
2620,2623
2621,2684
2621,2735
2622,5115
2623,2624
2623,2656
2625,2626
2625,2667
2627,2634
2627,2680
2628,2631
2629,2675
2629,2697
2630,2637
2630,2658
2631,2632
2631,2775
2632,2635
2633,2640
2633,2660
2634,2636
2634,2744
2635,2636
2637,2657
2638,2649
2639,2646
2639,2654
2640,2641
2640,2682
2641,2642
2642,2644
2642,2665
2643,2702
2644,2647
2644,2659
2645,2646
2645,2648
2646,2654
2647,2649
2648,2661
2649,2653
2650,2652
2650,2735
2651,2738
2652,2699
2652,2731
2653,2662
2653,2709
2654,2673
2655,2666
2655,2671
2656,2703
2657,2658
2657,2685
2658,2680
2658,2685
2659,2665
2659,2693
2660,2677
2660,2682
2661,2668
2661,2670
2662,2679
2663,2666
2663,2846
2664,2677
2664,2718
2665,2694
2666,2669
2666,2671
2666,2674
2667,2858
2667,2874
2669,2674
2669,2847
2670,2672
2670,2676
2671,2715
2673,2678
2673,2683
2673,2696
2674,2712
2675,2708
2675,2742
2676,2678
2676,2898
2677,2734
2678,2683
2679,2709
2679,2773
2680,2711
2681,2881
2682,2689
2683,2696
2683,2704
2684,2909
2685,2692
2686,2698
2686,2736
2687,2688
2687,2772
2689,2694
2689,2732
2690,2691
2691,2762
2692,2711
2692,2725
2693,2694
2693,2710
2694,2730
2695,2738
2695,2780
2696,2705
2697,2742
2697,2746
2698,2721
2699,2700
2699,2882
2700,2701
2702,2703
2702,2874
2704,2705
2704,2722
2705,2716
2708,2754
2709,2710
2710,2751
2711,2724
2712,2719
2712,2728
2713,2714
2713,2729
2714,2715
2714,2720
2715,2720
2716,2726
2716,2773
2717,2858
2718,2725
2718,2733
2719,2728
2719,2731
2720,2735
2721,2723
2721,2736
2722,2726
2722,2737
2723,2942
2723,3059
2724,2725
2724,2741
2724,2745
2725,2739
2726,2740
2727,2842
2728,2729
2728,2750
2730,2732
2731,2776
2732,2734
2733,2734
2733,2743
2734,2758
2736,2943
2737,2740
2737,2777
2738,2780
2739,2743
2739,2753
2740,2777
2741,2747
2741,2749
2742,2754
2743,2752
2744,2745
2744,2809
2745,2747
2746,2748
2746,2821
2747,2755
2748,2791
2748,2824
2749,2753
2749,2755
2750,2763
2751,2773
2751,2774
2751,2783
2752,2758
2752,2770
2753,2770
2754,2821
2755,2778
2756,2757
2757,2759
2757,2760
2758,2785
2759,2764
2759,2795
2760,2761
2760,2764
2760,2833
2762,2763
2762,2814
2763,2766
2763,2814
2764,2802
2764,2838
2765,2945
2766,2769
2767,2903
2768,2769
2768,2771
2768,2830
2770,2778
2770,2788
2771,2772
2771,2830
2773,2819
2774,2781
2774,2800
2775,2809
2776,2812
2776,2822
2777,2897
2778,2823
2779,2816
2779,2845
2780,3194
2781,2807
2781,2820
2782,2784
2782,2794
2783,2807
2783,2835
2784,2798
2785,2788
2785,2792
2786,2787
2786,2789
2786,2791
2788,2793
2789,2790
2789,2797
2789,2833
2791,2797
2791,2861
2792,2793
2792,2796
2793,2799
2794,2798
2794,2990
2795,2801
2795,2802
2796,2805
2796,2806
2797,2862
2797,2864
2798,3012
2799,2804
2799,2813
2800,2805
2800,2827
2801,2803
2801,3004
2802,2803
2802,2857
2803,2837
2803,2860
2804,2808
2805,2806
2806,2810
2807,2820
2808,2811
2808,2813
2809,2843
2810,2811
2810,2817
2811,2817
2813,2825
2814,2899
2815,2816
2815,2818
2815,2930
2816,2818
2817,2844
2818,3128
2819,2835
2819,2867
2820,2826
2820,2839
2821,2824
2823,2825
2823,2834
2824,2842
2824,2861
2825,2836
2826,2827
2826,2851
2827,2852
2828,2829
2829,2868
2830,2896
2831,2832
2831,2871
2833,2838
2834,2836
2834,2840
2835,2839
2835,2907
2836,2840
2837,2841
2837,2863
2838,2857
2839,2851
2840,2843
2841,2865
2841,3003
2842,2876
2843,2848
2843,2872
2844,2859
2844,2872
2845,2848
2846,2847
2846,2961
2847,2896
2847,2962
2848,2875
2849,2850
2849,2852
2851,2854
2852,2854
2853,2877
2853,3006
2854,2859
2855,2856
2856,2973
2857,2860
2858,2874
2859,2873
2860,2863
2861,2862
2861,2879
2862,2880
2862,2885
2863,2864
2863,2865
2864,2866
2864,2885
2865,2866
2865,2995
2866,2886
2866,2994
2867,2883
2867,2911
2868,2869
2869,2889
2870,2871
2870,2893
2872,2873
2872,2875
2873,2878
2873,2907
2874,2876
2874,2976
2875,2878
2875,2887
2876,2914
2878,2884
2878,2910
2881,2882
2882,2905
2883,2912
2883,2915
2884,2928
2884,2978
2885,2886
2885,2888
2886,2894
2887,2904
2887,2977
2888,2891
2888,2894
2889,2890
2890,3026
2891,2895
2891,2914
2892,2893
2892,3045
2894,2895
2894,2972
2895,2917
2895,2967
2896,2899
2896,3028
2897,2898
2897,2900
2898,2901
2898,3030
2899,3005
2899,3029
2900,2901
2900,2912
2901,2937
2901,3002
2902,2903
2902,2947
2902,2952
2904,2906
2904,2919
2905,3354
2906,2916
2907,2910
2907,2911
2908,2909
2908,3092
2910,2913
2911,2915
2912,2934
2913,2918
2913,2929
2914,2917
2915,2921
2916,2919
2917,2969
2918,2922
2918,2923
2919,2935
2920,2921
2921,2922
2921,2934
2922,2926
2922,2936
2923,2927
2923,2929
2923,2936
2924,2925
2924,2951
2924,3159
2926,2939
2926,2957
2928,2938
2928,3100
2929,2933
2929,2948
2930,2935
2930,2940
2931,2996
2932,2933
2933,2938
2934,2937
2934,2939
2935,2940
2936,2944
2937,2941
2937,2966
2938,2959
2939,2941
2940,3000
2941,2963
2942,5116
2943,5117
2945,2946
2945,2958
2946,5120
2947,5121
2949,2950
2950,2954
2950,3011
2951,3051
2952,2953
2952,2972
2953,5122
2954,2955
2954,2956
2958,2971
2958,2993
2960,2961
2961,2962
2961,2965
2962,2968
2962,3028
2963,2966
2963,2989
2964,2965
2965,2968
2965,3013
2966,3024
2967,2969
2967,2970
2967,2972
2968,3014
2968,3036
2969,2970
2970,2975
2970,2980
2971,2987
2971,2992
2973,2974
2974,2997
2975,2976
2975,2981
2975,2987
2976,2987
2977,2978
2977,2979
2978,2982
2979,2984
2979,2985
2980,2991
2981,2988
2981,3019
2982,2983
2982,3262
2983,2986
2983,3263
2984,3000
2985,2986
2985,3000
2986,3054
2989,3081
2990,3016
2990,3095
2991,2992
2992,3017
2993,5123
2994,3007
2995,3008
2996,3001
2996,3035
2997,2998
2998,2999
2998,3116
3002,3034
3003,3058
3004,3061
3006,3023
3006,3359
3007,3008
3007,3017
3008,3020
3008,3058
3009,3010
3009,3104
3009,3112
3010,3013
3010,3107
3012,3016
3012,3037
3013,3014
3013,3107
3014,3015
3014,3109
3016,3025
3016,3037
3017,3018
3017,3020
3018,3019
3018,3021
3018,3022
3020,3021
3020,3055
3021,3114
3021,3496
3022,3495
3024,3032
3024,3040
3025,3037
3025,3096
3026,3027
3027,3046
3027,3047
3028,3029
3028,3036
3029,3039
3029,3065
3030,3031
3030,3034
3030,3038
3031,3033
3032,3040
3032,3042
3032,3043
3033,3038
3033,3254
3034,3041
3034,3056
3035,3207
3036,3039
3036,3110
3037,3088
3038,3041
3039,3077
3039,3084
3040,3071
3041,3057
3042,3043
3042,3068
3043,3050
3044,3045
3044,3046
3044,3052
3044,3074
3046,3047
3046,3070
3047,3078
3047,3086
3048,3049
3049,3066
3049,3072
3050,3053
3052,3067
3052,3079
3053,3064
3053,3117
3055,3111
3056,3057
3056,3062
3057,3064
3057,3250
3058,3061
3058,3352
3059,3060
3059,3271
3059,3438
3061,3089
3061,3358
3062,3063
3062,3064
3064,3340
3066,3088
3066,3099
3066,3261
3067,3069
3067,3078
3069,3703
3070,3097
3073,3102
3073,3159
3073,3215
3075,3076
3076,3158
3076,3217
3078,3085
3079,3085
3079,3098
3080,3081
3082,3108
3083,3106
3084,3101
3084,3119
3085,3087
3086,3087
3086,3090
3087,3090
3088,3096
3088,3193
3089,3131
3090,3105
3091,3092
3091,3336
3093,3094
3094,3345
3095,3096
3095,3134
3095,3143
3096,3148
3097,3098
3098,3700
3100,3163
3100,3188
3101,3130
3101,3168
3102,3162
3102,3216
3103,3104
3104,3138
3104,3167
3105,3115
3106,3108
3106,3194
3107,3109
3107,3112
3108,3183
3109,3113
3109,3133
3110,3118
3110,3133
3111,3204
3112,3113
3112,3124
3113,3127
3113,3153
3114,3211
3115,3116
3116,3151
3117,3208
3118,3173
3119,3174
3120,3121
3120,3126
3120,3171
3120,3274
3121,3122
3121,3167
3122,3123
3122,3124
3122,3126
3124,3125
3124,3127
3126,3127
3126,3444
3127,3439
3128,3145
3128,3165
3129,3130
3129,3199
3130,3160
3130,3168
3131,3132
3132,3179
3132,3197
3133,3154
3134,3135
3134,3138
3135,3136
3135,3143
3136,3137
3136,3149
3137,3142
3137,3157
3138,3139
3139,3142
3140,3141
3140,3269
3140,3330
3141,3236
3141,3248
3142,3156
3143,3147
3143,3148
3144,3145
3145,3146
3148,3149
3148,3150
3149,3150
3150,3193
3151,3166
3151,3631
3152,3153
3152,3176
3152,3198
3153,3161
3154,3155
3154,3160
3156,3229
3157,3232
3159,3162
3159,3436
3160,3164
3160,3178
3161,3164
3161,3173
3162,3172
3162,3440
3164,3175
3164,3180
3167,3171
3167,3192
3168,3178
3169,3170
3170,3177
3170,3221
3171,3196
3172,3312
3172,3437
3173,3176
3174,3175
3175,3176
3175,3214
3176,3227
3177,3202
3177,3213
3178,3222
3179,3181
3179,3184
3179,3197
3180,3214
3180,3225
3181,3187
3181,3201
3181,3203
3182,3183
3183,3186
3184,3185
3184,3186
3184,3187
3187,3190
3188,3189
3188,3268
3190,3194
3191,3192
3191,3200
3191,3218
3192,3196
3192,3200
3193,3195
3193,3256
3194,3242
3194,3252
3195,3257
3195,3261
3196,3226
3196,3319
3197,3201
3197,3209
3198,3199
3198,3227
3200,3230
3201,3212
3201,3469
3202,3217
3202,3228
3204,3205
3205,3206
3205,3209
3205,3210
3207,3673
3209,3212
3210,3211
3210,3212
3210,3470
3212,3469
3214,3291
3215,3241
3215,3243
3216,3245
3216,3270
3217,3228
3219,3220
3220,3237
3220,3238
3221,3377
3222,3223
3223,3292
3224,3225
3224,3296
3226,3233
3226,3315
3227,3290
3228,3235
3229,3230
3230,3231
3230,3233
3231,3232
3231,3234
3231,3256
3233,3234
3233,3462
3234,3255
3234,3460
3235,3313
3236,3240
3236,3248
3237,3238
3237,3246
3238,3249
3239,3239
3239,3241
3239,3243
3240,3248
3240,3269
3241,3244
3241,3253
3242,3299
3242,3303
3243,3244
3243,3245
3244,3247
3244,3253
3245,3247
3245,3251
3247,3251
3247,3267
3248,3278
3249,3279
3250,3266
3251,3270
3252,3286
3252,3298
3253,3265
3254,3277
3255,3259
3255,3424
3256,3257
3256,3259
3257,3260
3257,3304
3259,3260
3259,3287
3260,3297
3261,3264
3262,3272
3262,5128
3263,3333
3263,5127
3264,3281
3265,3308
3266,3331
3266,3342
3267,3270
3267,3309
3268,3272
3268,3275
3269,3278
3270,3276
3271,3317
3271,3386
3272,3273
3272,3337
3276,3285
3276,3286
3277,3279
3277,3282
3278,3341
3279,3283
3279,3294
3280,3281
3280,3284
3280,3288
3282,3283
3282,3289
3283,3289
3284,3288
3285,3300
3285,3312
3286,3298
3288,3693
3289,3294
3290,3370
3291,3373
3292,3293
3293,3320
3294,3526
3295,3296
3295,3323
3297,3305
3297,3334
3298,3299
3298,3300
3299,3301
3299,3302
3300,3301
3300,3312
3301,3303
3301,3306
3302,3302
3302,3303
3303,3306
3304,3305
3304,3366
3305,3311
3305,3318
3306,3660
3307,3308
3307,3329
3309,3310
3310,3332
3311,3328
3311,3334
3312,3314
3313,3361
3313,3364
3314,3663
3315,3316
3315,3514
3317,3360
3317,3632
3318,5124
3320,3321
3321,5137
3322,3323
3322,5138
3324,3325
3324,3326
3324,3333
3326,3327
3326,3337
3328,3335
3328,3367
3329,3637
3330,3396
3332,3647
3333,3339
3334,3335
3334,3424
3335,3425
3336,3345
3336,3347
3337,3346
3338,3339
3338,3346
3339,3395
3341,3371
3342,3343
3342,3453
3344,3345
3344,3348
3345,3347
3346,3376
3347,3353
3347,3363
3348,3375
3349,3350
3349,3355
3349,3363
3351,3352
3351,5122
3352,3356
3352,3358
3353,3354
3353,3376
3355,3388
3356,3357
3356,3362
3356,3714
3357,5123
3358,3362
3358,3405
3359,3372
3359,3398
3360,3397
3360,3403
3362,3406
3362,3713
3363,3365
3365,3368
3365,3418
3366,3508
3367,3506
3368,3387
3368,3412
3369,3370
3369,3586
3371,3372
3372,3398
3373,3374
3374,3583
3375,3376
3377,3378
3378,3385
3378,3396
3379,3380
3379,3381
3379,3392
3381,3384
3382,3383
3383,3384
3383,3673
3385,3391
3386,3389
3386,3409
3386,3446
3387,3388
3387,3399
3389,3426
3389,3448
3389,3573
3390,3391
3393,3394
3393,3417
3394,3482
3395,3614
3396,3404
3397,3409
3397,3430
3398,3681
3399,3400
3399,5132
3400,3618
3401,3402
3401,3490
3402,3427
3403,3429
3403,3441
3404,3419
3405,3638
3406,3642
3407,3408
3408,3414
3408,3423
3409,3441
3410,3411
3411,3486
3412,3413
3412,3414
3412,3415
3414,3415
3414,3423
3415,3418
3415,3431
3416,3417
3416,5137
3418,3431
3419,3420
3420,3432
3420,3457
3421,3422
3421,3432
3421,3433
3423,3458
3424,3425
3424,3461
3425,3468
3426,3447
3426,3459
3427,3428
3428,5138
3429,3459
3430,3467
3431,3456
3432,3449
3433,3449
3433,3450
3434,3435
3435,3438
3435,3442
3435,3478
3436,3443
3438,3445
3438,3446
3440,3447
3441,3443
3442,3445
3442,3474
3442,3481
3445,3448
3445,3474
3447,3467
3449,3484
3451,3452
3451,3607
3452,3485
3452,3500
3454,3455
3455,3529
3455,3571
3456,3488
3458,3493
3460,3461
3460,3462
3461,3468
3462,3471
3463,3464
3463,3560
3464,3512
3465,3466
3465,3505
3466,3556
3468,3472
3469,3470
3469,3640
3470,3475
3470,3644
3471,3473
3471,3514
3472,3473
3472,3533
3473,3516
3473,3517
3474,3552
3475,3492
3476,3477
3476,5119
3477,3478
3477,3480
3477,3502
3478,3479
3478,3481
3479,5118
3480,3481
3480,3504
3480,3507
3481,3510
3482,3483
3483,3536
3484,3498
3485,3486
3485,3497
3487,3488
3487,3512
3487,3537
3489,3490
3489,3540
3491,3492
3493,3494
3494,3505
3494,3528
3495,3518
3496,3519
3497,3500
3497,3501
3498,3499
3500,3501
3501,3568
3502,3503
3502,3504
3502,3690
3504,3507
3504,3691
3505,3511
3506,3508
3506,3515
3507,3510
3507,3659
3508,3509
3508,3515
3509,3515
3509,3520
3510,3552
3510,3657
3511,3538
3512,3513
3513,3530
3514,3516
3514,3612
3515,3549
3516,3543
3516,3612
3517,3544
3517,3588
3518,3519
3518,3546
3518,3621
3519,3622
3520,3699
3521,3522
3522,3523
3522,3534
3523,3524
3523,3539
3524,3525
3524,3568
3525,3527
3526,3527
3526,3541
3528,3532
3530,3531
3531,3532
3531,3540
3533,3545
3533,3587
3534,3535
3534,3539
3536,3537
3537,3538
3539,3542
3541,3730
3544,3817
3545,3814
3546,3547
3546,3548
3547,3558
3547,3569
3548,3557
3548,3570
3549,3589
3550,3551
3550,5139
3551,3580
3552,3553
3552,3573
3554,3555
3554,3578
3555,5140
3556,3557
3557,3563
3558,5139
3559,3560
3559,3564
3559,3567
3561,3562
3561,3563
3562,5139
3564,3566
3565,3566
3565,5140
3567,3569
3568,3604
3570,5140
3571,3572
3571,3686
3573,3579
3573,3635
3574,3575
3574,3591
3575,3576
3576,3593
3577,3578
3577,3582
3580,3581
3581,3625
3582,3629
3583,3584
3584,3668
3585,3586
3585,3662
3587,3595
3588,3597
3589,3590
3590,3591
3590,3592
3590,3599
3592,3593
3592,3594
3592,3596
3594,3595
3594,3596
3596,3599
3596,3600
3597,3598
3598,3600
3598,3605
3599,3600
3599,3744
3600,3605
3601,3602
3602,3603
3602,3633
3603,3608
3604,3606
3604,3611
3605,3745
3606,3609
3606,3630
3607,3608
3607,3610
3611,3619
3611,3620
3612,3613
3613,3633
3613,3634
3614,3615
3615,3616
3615,3617
3615,3621
3617,3618
3617,3623
3617,3866
3621,3622
3621,3623
3622,3624
3623,3624
3623,3712
3624,3711
3625,3626
3626,3627
3626,3628
3626,3677
3628,3629
3628,3678
3628,3719
3631,3747
3631,3831
3632,3680
3633,3634
3633,3696
3634,3697
3635,3658
3635,3785
3636,3637
3636,3640
3636,3643
3638,3639
3639,3641
3639,3644
3639,3649
3640,3643
3640,3644
3641,3642
3641,3650
3641,3651
3643,3645
3643,3646
3644,3645
3645,3648
3645,3654
3646,3647
3646,3648
3646,3768
3648,3652
3648,3771
3649,3650
3649,3653
3649,3758
3650,3671
3650,3759
3652,3655
3652,3656
3654,3672
3655,3679
3657,3658
3657,3665
3658,3665
3658,3674
3659,3670
3659,3676
3660,3663
3660,3664
3661,3662
3661,3736
3663,3664
3663,3666
3663,3720
3664,3667
3664,3802
3665,3670
3665,3674
3666,3667
3666,3692
3666,3722
3667,3685
3667,3694
3668,3669
3669,3811
3670,3675
3670,3676
3671,3672
3671,3677
3673,3726
3674,4104
3675,3676
3675,4105
3676,3691
3678,3679
3680,3707
3680,3733
3681,3682
3681,3683
3682,3684
3682,3695
3683,3684
3683,3710
3685,3687
3685,3738
3686,3690
3686,3709
3687,3739
3687,3801
3688,3689
3688,3704
3688,3706
3690,3691
3692,3694
3692,3725
3692,3731
3693,3695
3694,3732
3696,3800
3697,4021
3698,3699
3700,3701
3700,3702
3700,3761
3702,3703
3702,3742
3702,3760
3704,3705
3704,3706
3706,3723
3707,3708
3707,3754
3710,3916
3711,3712
3711,3714
3711,3715
3712,3716
3713,3714
3713,3717
3713,3719
3714,3718
3715,3716
3715,3718
3715,3867
3716,3866
3717,3718
3717,3859
3718,3861
3719,3737
3720,3721
3720,3722
3720,3723
3722,3724
3722,3725
3723,3724
3723,3749
3724,3727
3724,3751
3725,3727
3725,3731
3726,3729
3727,3734
3727,3743
3728,3729
3728,3825
3728,3858
3730,3800
3730,3890
3731,3732
3731,3734
3732,3735
3732,3738
3733,3752
3733,3757
3734,3735
3734,3764
3735,3740
3735,3765
3736,3808
3737,3746
3737,3748
3738,3739
3738,3740
3739,3741
3740,3741
3740,3776
3741,3778
3742,3755
3742,3797
3744,3745
3744,4047
3745,3813
3745,4047
3747,3762
3747,3763
3749,3750
3749,3751
3749,3752
3751,3753
3751,3764
3752,3753
3752,3853
3753,3766
3753,3849
3755,3756
3755,3760
3756,3809
3756,3825
3757,3892
3758,3788
3758,3790
3759,3791
3759,3792
3760,3761
3760,3795
3761,3783
3761,3789
3762,3770
3762,3774
3763,3770
3763,3787
3764,3765
3764,3766
3765,3767
3765,3776
3766,3767
3766,3815
3767,3777
3767,3818
3768,3769
3768,3771
3768,3772
3769,3827
3770,3774
3770,3786
3771,3775
3771,3780
3772,3773
3772,3775
3772,3951
3773,3828
3774,3782
3775,3784
3775,3921
3776,3777
3776,3778
3777,3779
3777,3865
3778,3779
3778,3801
3779,3803
3779,3810
3780,3788
3781,3782
3782,3786
3783,3794
3783,3873
3784,3792
3786,3798
3787,3798
3787,3831
3788,3796
3789,3822
3789,3826
3790,3833
3791,3807
3792,3834
3793,3794
3794,3798
3795,3820
3795,3821
3796,3806
3797,3799
3797,3825
3800,4072
3801,3802
3801,3803
3802,3804
3802,3832
3803,3804
3803,3865
3804,3837
3804,3868
3805,3806
3805,3807
3805,4215
3808,3847
3808,3850
3809,3820
3809,3823
3811,3812
3812,3848
3812,3851
3813,3814
3813,3816
3815,3819
3815,3829
3816,3817
3816,3842
3818,3819
3818,3824
3819,3824
3819,3830
3820,3821
3821,3822
3821,3840
3822,3826
3822,3839
3823,3844
3824,3843
3826,3839
3826,3845
3827,3832
3827,3835
3828,3835
3828,3836
3829,3830
3829,3849
3830,3843
3830,3854
3831,3929
3832,3835
3833,3834
3834,4204
3835,3836
3835,3837
3835,3838
3836,3841
3837,3838
3838,3841
3839,3840
3839,3845
3840,3844
3840,3846
3841,3952
3842,3847
3842,3848
3843,3855
3844,3846
3845,3873
3846,3874
3847,3852
3848,3875
3849,3853
3849,3854
3850,3876
3851,3862
3852,3864
3853,3857
3854,3856
3855,3856
3855,3865
3855,3896
3856,3857
3856,3958
3857,3889
3858,3881
3859,3860
3859,3861
3861,3871
3862,3863
3863,3864
3863,4070
3865,3896
3866,3867
3866,3872
3867,3871
3869,3870
3869,3882
3871,3872
3871,3919
3872,3880
3872,3918
3873,3874
3873,3929
3874,3906
3874,3930
3875,3876
3875,4068
3877,3878
3877,3879
3877,3895
3877,3929
3879,3885
3879,3897
3879,3930
3881,3888
3881,4058
3882,3888
3883,3884
3883,3885
3883,3886
3884,3886
3884,3887
3885,3900
3886,3907
3887,3898
3887,3999
3889,3893
3889,3963
3890,3891
3890,4072
3892,3893
3893,3894
3895,3910
3896,3958
3897,3915
3898,3899
3898,4006
3899,3902
3900,3903
3900,3904
3901,3902
3903,3904
3903,3905
3904,3931
3905,3907
3905,3912
3907,3932
3908,3909
3908,3913
3908,3944
3909,3999
3909,4028
3910,3911
3911,3933
3912,4044
3913,3991
3913,4008
3914,3915
3914,3936
3916,3917
3917,3920
3917,3926
3920,3923
3920,3926
3921,3922
3921,3925
3922,3924
3922,3957
3923,3926
3923,3928
3924,4003
3925,4002
3926,3927
3927,3941
3928,3940
3928,4009
3929,3930
3930,3944
3931,3943
3931,3945
3932,3966
3933,3934
3934,3985
3935,3936
3935,3989
3937,3938
3937,3939
3937,3987
3938,3942
3938,3947
3939,3942
3939,3959
3940,3943
3940,3950
3941,3942
3943,3945
3943,3950
3944,3998
3945,3954
3946,3947
3946,3962
3947,3969
3948,3949
3948,3970
3948,3987
3949,3964
3950,3956
3951,3955
3951,3957
3952,3953
3952,3955
3952,4000
3954,3956
3954,3968
3955,3967
3956,4048
3957,3960
3958,3963
3958,4080
3959,3980
3960,3967
3960,3971
3961,3962
3961,3973
3963,4081
3964,3965
3965,3982
3966,4011
3967,3974
3968,4049
3968,4060
3969,3978
3970,3977
3971,4038
3972,3973
3972,3986
3974,4039
3975,3976
3975,3977
3975,3984
3976,3990
3978,3979
3979,3980
3979,3981
3981,3992
3982,3983
3983,3988
3984,3995
3985,3986
3987,3990
3988,3989
3991,3997
3991,4042
3992,3993
3993,4186
3994,3995
3994,4187
3996,3997
3997,4008
3997,4053
3998,4008
3998,4115
3999,4005
3999,4028
4001,4002
4001,4013
4003,4004
4004,4015
4005,4006
4005,4051
4006,4007
4006,4022
4007,4010
4008,4061
4009,4029
4009,4048
4010,4011
4011,4049
4012,4013
4012,4014
4012,4016
4014,4015
4014,4020
4016,4020
4016,4024
4017,4018
4018,4019
4018,4083
4020,4026
4021,4041
4021,4087
4023,4024
4023,4025
4024,4026
4025,4027
4025,4030
4026,4027
4027,4032
4028,4042
4028,4051
4029,4054
4029,4055
4030,4031
4030,4033
4031,4033
4031,4057
4032,4033
4032,4034
4033,4034
4033,4035
4033,4036
4034,4082
4035,4036
4035,4059
4036,4078
4037,4038
4037,4046
4039,4040
4040,4045
4041,4073
4041,4087
4042,4053
4042,4077
4043,4044
4043,4050
4045,4046
4047,4103
4048,4060
4049,4050
4051,4052
4052,4120
4053,4062
4053,4077
4054,4055
4054,4060
4055,4121
4056,4057
4057,4059
4058,4146
4059,4066
4060,4100
4061,4063
4061,4067
4062,4063
4062,4064
4063,4064
4063,4067
4064,4065
4065,4067
4065,4071
4066,4069
4066,4074
4067,4071
4068,4137
4069,4075
4069,4078
4070,4139
4071,4119
4072,4106
4074,4075
4074,4097
4075,4076
4076,4079
4076,4090
4077,4093
4078,4082
4079,4088
4079,4090
4080,4081
4080,4192
4081,4084
4081,4188
4082,4089
4083,4085
4083,4105
4084,4086
4085,4086
4085,4092
4087,4129
4088,4089
4088,4091
4089,4097
4090,4091
4091,4096
4092,4094
4092,4098
4094,4095
4094,4099
4100,4101
4100,4102
4101,4110
4101,4121
4103,4156
4105,4107
4105,4108
4106,4182
4106,4319
4108,4109
4108,4116
4109,4111
4111,4112
4112,4113
4112,4118
4113,4114
4113,4117
4113,4123
4119,4120
4119,4127
4121,4122
4122,4130
4123,4125
4123,4126
4124,4125
4125,4128
4127,4131
4127,4132
4129,4133
4129,4142
4130,4131
4131,4132
4132,4248
4133,4154
4133,4185
4134,4135
4134,4140
4134,4141
4136,4137
4136,4138
4136,4143
4136,4152
4138,4139
4138,4145
4138,4150
4140,4141
4140,4149
4141,4148
4143,4144
4143,4153
4146,4147
4147,4148
4148,4321
4149,4151
4149,4233
4150,4160
4150,4161
4152,4159
4152,4166
4155,4156
4155,4157
4155,4166
4155,4173
4157,4158
4157,4167
4157,4168
4158,4169
4159,4194
4160,4206
4161,4162
4161,4163
4161,4164
4163,4164
4163,4211
4164,4165
4164,4179
4165,4166
4165,4170
4165,4179
4167,4180
4167,4189
4168,4176
4168,4183
4169,4170
4169,4171
4170,4171
4170,4179
4171,4190
4171,4193
4172,4173
4172,4175
4172,4186
4173,4174
4173,4176
4174,4175
4174,4177
4176,4177
4176,4183
4177,4178
4177,4184
4178,4184
4178,4187
4179,4181
4180,4183
4180,4184
4182,4212
4182,4227
4185,4210
4185,4227
4188,4195
4188,4198
4189,4190
4189,4191
4190,4191
4191,4340
4192,4197
4192,4200
4193,4194
4193,4208
4195,4196
4196,4197
4196,4198
4197,4199
4197,4200
4198,4199
4198,4220
4199,4201
4199,4202
4200,4203
4201,4202
4201,4203
4202,4219
4203,4205
4203,4209
4204,4205
4204,4213
4205,4213
4206,4207
4207,4315
4208,4314
4209,4214
4209,4218
4210,4211
4210,4320
4213,4214
4213,4215
4214,4216
4214,4218
4215,4216
4215,4223
4216,4217
4217,4221
4218,4219
4219,4220
4219,4221
4220,4222
4220,4225
4221,4222
4221,4223
4222,4224
4222,4226
4223,4224
4223,4277
4224,4226
4224,4277
4225,4269
4226,4270
4227,4271
4228,4229
4228,4232
4228,4251
4230,4231
4231,4232
4231,4234
4233,4272
4233,4323
4235,4236
4236,4237
4236,4245
4236,4285
4237,4238
4237,4264
4237,4279
4239,4240
4240,4241
4240,4243
4240,4254
4241,4242
4241,4255
4243,4244
4243,4249
4243,4260
4246,4247
4247,4252
4247,4352
4248,4280
4248,4374
4249,4250
4249,4261
4249,4264
4251,4253
4251,4263
4253,4267
4253,4269
4254,4255
4254,4259
4254,4260
4255,4257
4255,4258
4256,4257
4257,4258
4258,4259
4258,4294
4259,4262
4259,4295
4260,4261
4261,4262
4262,4293
4263,4268
4263,4274
4264,4279
4265,4266
4265,4267
4265,4268
4267,4281
4268,4273
4269,4270
4269,4322
4270,4275
4270,4383
4271,4397
4271,4424
4272,4324
4273,4274
4273,4305
4274,4276
4274,4301
4275,4277
4275,4278
4277,4278
4277,4386
4277,4473
4279,4291
4280,4309
4280,4310
4282,4283
4283,4284
4283,4306
4284,4299
4286,4287
4287,4288
4287,4289
4288,4292
4288,4294
4289,4290
4289,4292
4292,4298
4293,4295
4293,4296
4293,4311
4294,4295
4294,4298
4295,4297
4296,4297
4296,4312
4296,4334
4297,4298
4297,4304
4298,4304
4299,4300
4300,4302
4300,4303
4302,4307
4303,4308
4304,4357
4306,4307
4306,4316
4308,4309
4309,4310
4309,4318
4310,4326
4313,4314
4313,4315
4313,4411
4316,4317
4317,4318
4318,4325
4320,4411
4321,4360
4322,4327
4323,4335
4324,4339
4324,4440
4325,4330
4326,4332
4327,4328
4328,4381
4329,4330
4329,4331
4329,4333
4329,4400
4331,4332
4331,4400
4333,4336
4334,4341
4334,4363
4335,4336
4337,4338
4338,4340
4338,4348
4338,4349
4339,4367
4340,4347
4341,4345
4341,4375
4342,4343
4343,4344
4343,4345
4343,4350
4345,4346
4345,4351
4347,4358
4347,4368
4348,4349
4348,4371
4349,4358
4352,4353
4352,4354
4354,4360
4354,4362
4355,4356
4355,4357
4355,4364
4356,4359
4356,4366
4356,4376
4357,4359
4357,4363
4358,4361
4358,4368
4359,4365
4362,4379
4363,4365
4363,4406
4364,4370
4365,4409
4367,4421
4368,4369
4368,4482
4369,4412
4370,4372
4370,4382
4372,4373
4372,4384
4372,4388
4375,4406
4376,4377
4376,4417
4377,4378
4377,4399
4379,4380
4380,4405
4380,4553
4381,4382
4382,4383
4382,4384
4383,4385
4383,4386
4384,4385
4384,4387
4385,4389
4385,4390
4386,4390
4387,4391
4387,4393
4388,4391
4388,4394
4389,4395
4389,4396
4390,4439
4391,4392
4392,4393
4393,4395
4393,4402
4394,4401
4394,4418
4395,4396
4395,4404
4396,4398
4396,4403
4398,4413
4400,4427
4401,4402
4402,4404
4402,4418
4403,4404
4404,4413
4405,4421
4406,4407
4406,4409
4407,4408
4407,4410
4407,4414
4409,4410
4409,4433
4410,4423
4410,4434
4411,4412
4411,4430
4413,4438
4414,4415
4414,4419
4416,4417
4417,4428
4418,4437
4419,4420
4419,4422
4425,4426
4425,4436
4426,4427
4426,4429
4427,4429
4428,4441
4428,4450
4429,4443
4430,4431
4430,4432
4431,4455
4432,4456
4435,4436
4437,4438
4437,4442
4437,4463
4438,4439
4438,4462
4439,4460
4440,4444
4440,4445
4441,4442
4441,4480
4442,4466
4443,4452
4443,4458
4445,4446
4445,4468
4446,4447
4446,4468
4447,4448
4447,4449
4449,4451
4451,4452
4452,4453
4452,4458
4454,4455
4454,4496
4456,4457
4457,4497
4458,4492
4459,4460
4460,4461
4460,4462
4461,4464
4461,4474
4462,4463
4462,4464
4463,4465
4463,4466
4464,4465
4464,4487
4465,4467
4465,4488
4466,4467
4466,4475
4467,4478
4468,4472
4469,4470
4470,4471
4470,4472
4472,4485
4475,4476
4475,4477
4475,4478
4477,4479
4477,4480
4478,4479
4478,4493
4479,4481
4479,4494
4480,4481
4480,4483
4481,4484
4481,4486
4482,4489
4482,4506
4485,4491
4490,4491
4492,4500
4495,4496
4495,4510
4497,4498
4498,4507
4499,4500
4499,4501
4499,4502
4499,4504
4501,4537
4502,4503
4502,4505
4502,4632
4503,4540
4504,4534
4505,4535
4506,4511
4507,4508
4508,4514
4508,4517
4509,4510
4509,4512
4509,4513
4511,4515
4512,4530
4513,4519
4514,4520
4515,4516
4516,4522
4517,4527
4518,4519
4518,4526
4520,4521
4521,4531
4522,4523
4523,4524
4523,4548
4524,4544
4525,4526
4525,4528
4525,4579
4527,4528
4528,4542
4529,4530
4529,4532
4529,4541
4531,4532
4532,4578
4533,4534
4533,4596
4535,4536
4536,4597
4537,4538
4538,4642
4539,4540
4539,4646
4541,4547
4542,4545
4543,4544
4543,4545
4543,4547
4544,4554
4545,4546
4546,4555
4547,4554
4549,4550
4549,4552
4549,4556
4549,4635
4550,4551
4550,4553
4550,4634
4551,4557
4552,4559
4553,4557
4554,4555
4554,4561
4557,4558
4557,4559
4558,4565
4559,4560
4559,4574
4560,4568
4561,4564
4561,4580
4562,4563
4562,4603
4562,4628
4563,4666
4565,4566
4566,4572
4567,4568
4567,4576
4569,4570
4570,4571
4570,4577
4572,4573
4573,4595
4574,4627
4575,4576
4575,4598
4577,4604
4578,4587
4578,4592
4579,4585
4579,4586
4580,4583
4580,4590
4580,4599
4581,4582
4581,4584
4581,4586
4581,4588
4582,4587
4582,4594
4583,4591
4583,4608
4583,4613
4584,4585
4585,4586
4586,4587
4587,4591
4588,4589
4588,4652
4589,4593
4590,4592
4592,4593
4594,4653
4595,4596
4597,4598
4599,4600
4599,4606
4600,4601
4600,4606
4601,4602
4601,4603
4602,4607
4602,4612
4603,4621
4604,4605
4605,4610
4605,4640
4606,4607
4606,4608
4607,4609
4607,4612
4608,4609
4608,4620
4609,4611
4610,4618
4611,4620
4612,4621
4613,4614
4613,4615
4614,4617
4614,4638
4615,4616
4616,4617
4616,4631
4617,4672
4618,4619
4619,4623
4620,4622
4621,4622
4621,4641
4622,4624
4622,4639
4623,4675
4624,4625
4624,4629
4625,4630
4625,4638
4626,4627
4626,4647
4628,4641
4629,4630
4629,4650
4630,4651
4630,4668
4631,4677
4632,4633
4632,4691
4633,4636
4636,4637
4638,4668
4638,4669
4639,4641
4639,4650
4639,4741
4640,4647
4641,4738
4642,4643
4643,4644
4643,4645
4643,4648
4644,4652
4645,4646
4645,4649
4645,4658
4648,4654
4648,4657
4649,4657
4649,4674
4650,4651
4650,4684
4651,4676
4651,4685
4652,4653
4652,4655
4653,4656
4653,4694
4654,4655
4655,4660
4656,4661
4657,4660
4657,4664
4658,4659
4658,4699
4659,4759
4660,4661
4660,4662
4661,4663
4662,4664
4663,4665
4664,4665
4664,4674
4665,4679
4666,4667
4667,4695
4668,4676
4669,4673
4669,4681
4670,4671
4671,4675
4671,4680
4672,4673
4673,4682
4673,4689
4674,4701
4675,4688
4676,4681
4677,4678
4678,4689
4678,4694
4679,4696
4680,4690
4681,4682
4682,4683
4686,4687
4686,4693
4687,4690
4687,4691
4688,4698
4689,4694
4692,4693
4696,4702
4696,4705
4697,4698
4697,4724
4699,4700
4699,4704
4700,4705
4700,4708
4701,4703
4701,4704
4702,4704
4702,4713
4703,4707
4705,4706
4706,4707
4706,4712
4708,4709
4708,4715
4709,4710
4710,4711
4712,4727
4713,4714
4714,4731
4715,4716
4715,4719
4716,4722
4717,4718
4718,4720
4719,4833
4720,4721
4721,4722
4721,4756
4723,4724
4723,4725
4725,4728
4725,4773
4726,4727
4726,4735
4727,4732
4728,4744
4729,4730
4729,4733
4730,4731
4730,4739
4731,4737
4732,4733
4732,4736
4734,4735
4734,4737
4734,4740
4736,4748
4737,4749
4742,4743
4742,4744
4742,4745
4745,4746
4745,4755
4747,4748
4747,4752
4749,4750
4750,4753
4751,4752
4751,4762
4753,4754
4754,4764
4756,4760
4757,4758
4758,4759
4758,4767
4760,4761
4761,4762
4761,4763
4761,4765
4763,4764
4763,4766
4763,4797
4765,4770
4766,4771
4767,4768
4767,4800
4769,4770
4769,4776
4771,4772
4772,4777
4773,4774
4773,4795
4775,4776
4775,5141
4777,4778
4778,5142
4779,4780
4779,4784
4780,5141
4781,4782
4781,5142
4782,4785
4783,4784
4783,4788
4785,4786
4786,4789
4787,4788
4787,4794
4789,4790
4790,4791
4791,4792
4792,4810
4793,4794
4793,4808
4795,4796
4795,4799
4797,4798
4797,4804
4799,4811
4800,4801
4801,4802
4802,4803
4802,4806
4804,4805
4804,4807
4805,4814
4805,4839
4806,4832
4807,4808
4807,4809
4807,4816
4809,4810
4809,4814
4809,4817
4811,4815
4811,4838
4812,4813
4812,4819
4813,4822
4814,4830
4815,4858
4816,4823
4817,4824
4818,4819
4818,4827
4820,4821
4820,5143
4821,4828
4822,4823
4824,4825
4825,5143
4826,4827
4826,4837
4828,4829
4829,4834
4831,4832
4831,4843
4833,4897
4833,4898
4834,4835
4835,4847
4836,4837
4836,4846
4839,4840
4839,4841
4841,4842
4841,4844
4842,4843
4842,4849
4845,4846
4845,4851
4847,4848
4848,4852
4849,4865
4850,4851
4850,4857
4852,4853
4853,4854
4854,4855
4855,4859
4856,4857
4856,4862
4858,4863
4858,4864
4859,4860
4860,4866
4861,4862
4861,4869
4863,4884
4864,4865
4864,4871
4866,4867
4867,4870
4867,4873
4868,4869
4868,4874
4868,4876
4870,4877
4871,4872
4871,4873
4872,4874
4872,4878
4873,4879
4875,4876
4875,4880
4877,4878
4878,4885
4879,4880
4879,4883
4881,4882
4881,4891
4883,4888
4884,4892
4885,4886
4886,4889
4887,4888
4887,4894
4889,4890
4890,4895
4891,4892
4893,4894
4895,4896
4897,4901
4897,4952
4898,4899
4898,4900
4899,4900
4899,4901
4900,4902
4901,4915
4902,4904
4903,4904
4903,4905
4903,4907
4905,4906
4905,4908
4906,4910
4907,4920
4908,4909
4908,4912
4909,4925
4910,4911
4913,4914
4913,4918
4913,4920
4915,4916
4915,4917
4917,4918
4917,4921
4918,4919
4922,4923
4922,4926
4922,4929
4924,4925
4924,4930
4924,4931
4927,4928
4927,4930
4929,4932
4931,4935
4932,4933
4932,4945
4933,4947
4934,4935
4934,4936
4934,4937
4936,4937
4936,4967
4937,4938
4938,4939
4939,4940
4940,4941
4940,4942
4941,4942
4941,4943
4942,4943
4943,4944
4944,4959
4945,4946
4946,4949
4947,4948
4947,4949
4948,4958
4948,4960
4950,4951
4950,4952
4950,4953
4951,4957
4952,4954
4954,4955
4955,4956
4956,4957
4956,4962
4959,4961
4959,4963
4960,4962
4962,4966
4963,4964
4963,4965
4975,4976
4975,4977
4978,4979
4979,4980
4981,4982
4981,4983
4981,4984
4982,4985
4982,4991
4984,4985
4984,4988
4984,4992
4985,4986
4985,4987
4987,4989
4988,4990
4993,4994
4993,4995
4993,4996
4995,4999
4995,5004
4996,4997
4996,4998
4998,5000
4998,5001
4999,5002
4999,5003
5001,5005
5005,5010
5006,5008
5007,5009
5008,5052
5009,5053
5011,5016
5013,5022
5015,5017
5015,5023
5017,5019
5022,5023
5023,5024
5025,5026
5025,5029
5027,5028
5027,5029
5027,5034
5028,5030
5028,5032
5029,5033
5029,5042
5030,5031
5030,5032
5032,5035
5033,5034
5033,5037
5034,5039
5035,5036
5035,5040
5036,5038
5039,5041
5039,5047
5040,5049
5047,5048
5050,5051
5052,5100
5052,5101
5053,5102
5053,5103
5054,5057
5055,5056
5055,5058
5055,5059
5057,5058
5057,5066
5058,5059
5058,5065
5059,5060
5059,5064
5060,5062
5060,5063
5061,5062
5062,5063
5062,5069
5063,5064
5063,5070
5064,5065
5064,5071
5065,5066
5065,5073
5066,5076
5066,5082
5067,5068
5067,5075
5067,5085
5067,5088
5069,5070
5070,5071
5070,5072
5071,5073
5071,5074
5072,5074
5072,5075
5073,5076
5073,5078
5074,5077
5074,5078
5075,5077
5075,5087
5076,5080
5076,5082
5077,5079
5077,5087
5078,5079
5078,5080
5079,5081
5079,5095
5080,5081
5080,5083
5081,5084
5081,5096
5082,5083
5082,5090
5083,5084
5083,5086
5084,5086
5084,5098
5085,5088
5085,5092
5086,5091
5087,5088
5087,5093
5088,5092
5092,5093
5092,5094
5093,5094
5093,5095
5094,5099
5095,5096
5095,5099
5096,5098
5098,5104
5100,5145
5101,5146
5102,5147
5103,5148
5109,5110
5109,5112
5109,5114
5110,5111
5110,5112
5111,5113
5112,5113
5120,5122
5121,5123
5125,5126
5126,5127
5126,5130
5126,5131
5127,5128
5127,5131
5128,5129
5128,5132
5130,5133
5130,5134
5131,5132
5131,5135
5132,5136
5145,5146
5145,5149
5146,5147
5146,5150
5147,5148
5147,5151
5148,5152
5149,5150
5150,5151
5151,5152
